Protein,Position,Residue,Peptide,PTM type,Score,Confidence
GPA1,6,S,XXXXXXXXXXXXXXXXXXXXMGLLCSRSRHHTEDTDENTQAAEIERRIEQE,pho,0.060985177755355835,Medium
GPA1,8,S,XXXXXXXXXXXXXXXXXXMGLLCSRSRHHTEDTDENTQAAEIERRIEQEAK,pho,0.055092524737119675,Medium
GPA1,12,T,XXXXXXXXXXXXXXMGLLCSRSRHHTEDTDENTQAAEIERRIEQEAKAEKH,pho,0.048239655792713165,Medium
GPA1,15,T,XXXXXXXXXXXMGLLCSRSRHHTEDTDENTQAAEIERRIEQEAKAEKHIRK,pho,0.05306270718574524,Medium
GPA1,19,T,XXXXXXXMGLLCSRSRHHTEDTDENTQAAEIERRIEQEAKAEKHIRKLLLL,pho,0.029613332822918892,Low
GPA1,49,S,IERRIEQEAKAEKHIRKLLLLGAGESGKSTIFKQIKLLFQTGFDEGELKSY,pho,0.026784472167491913,Low
GPA1,52,S,RIEQEAKAEKHIRKLLLLGAGESGKSTIFKQIKLLFQTGFDEGELKSYVPV,pho,0.007465743459761143,Non-PTM
GPA1,53,T,IEQEAKAEKHIRKLLLLGAGESGKSTIFKQIKLLFQTGFDEGELKSYVPVI,pho,0.006672014947980642,Non-PTM
GPA1,64,T,RKLLLLGAGESGKSTIFKQIKLLFQTGFDEGELKSYVPVIHANVYQTIKLL,pho,0.007407111115753651,Non-PTM
GPA1,73,S,ESGKSTIFKQIKLLFQTGFDEGELKSYVPVIHANVYQTIKLLHDGTKEFAQ,pho,0.0022638309746980667,Non-PTM
GPA1,74,Y,SGKSTIFKQIKLLFQTGFDEGELKSYVPVIHANVYQTIKLLHDGTKEFAQN,pho,0.0016817828873172402,Non-PTM
GPA1,83,Y,IKLLFQTGFDEGELKSYVPVIHANVYQTIKLLHDGTKEFAQNETDSAKYML,pho,0.0005616029375232756,Non-PTM
GPA1,85,T,LLFQTGFDEGELKSYVPVIHANVYQTIKLLHDGTKEFAQNETDSAKYMLSS,pho,0.0005291760317049921,Non-PTM
GPA1,93,T,EGELKSYVPVIHANVYQTIKLLHDGTKEFAQNETDSAKYMLSSESIAIGEK,pho,0.0018809983739629388,Non-PTM
GPA1,101,T,PVIHANVYQTIKLLHDGTKEFAQNETDSAKYMLSSESIAIGEKLSEIGGRL,pho,0.016373777762055397,Non-PTM
GPA1,103,S,IHANVYQTIKLLHDGTKEFAQNETDSAKYMLSSESIAIGEKLSEIGGRLDY,pho,0.01630380190908909,Non-PTM
GPA1,106,Y,NVYQTIKLLHDGTKEFAQNETDSAKYMLSSESIAIGEKLSEIGGRLDYPRL,pho,0.013256223872303963,Non-PTM
GPA1,109,S,QTIKLLHDGTKEFAQNETDSAKYMLSSESIAIGEKLSEIGGRLDYPRLTKD,pho,0.016782153397798538,Non-PTM
GPA1,110,S,TIKLLHDGTKEFAQNETDSAKYMLSSESIAIGEKLSEIGGRLDYPRLTKDI,pho,0.021115640178322792,Non-PTM
GPA1,112,S,KLLHDGTKEFAQNETDSAKYMLSSESIAIGEKLSEIGGRLDYPRLTKDIAE,pho,0.03051118738949299,Low
GPA1,120,S,EFAQNETDSAKYMLSSESIAIGEKLSEIGGRLDYPRLTKDIAEGIETLWKD,pho,0.015766140073537827,Non-PTM
GPA1,128,Y,SAKYMLSSESIAIGEKLSEIGGRLDYPRLTKDIAEGIETLWKDPAIQETCA,pho,0.008665680885314941,Non-PTM
GPA1,132,T,MLSSESIAIGEKLSEIGGRLDYPRLTKDIAEGIETLWKDPAIQETCARGNE,pho,0.002913912059739232,Non-PTM
GPA1,141,T,GEKLSEIGGRLDYPRLTKDIAEGIETLWKDPAIQETCARGNELQVPDCTKY,pho,0.003331098472699523,Non-PTM
GPA1,151,T,LDYPRLTKDIAEGIETLWKDPAIQETCARGNELQVPDCTKYLMENLKRLSD,pho,0.0055419751442968845,Non-PTM
GPA1,164,T,IETLWKDPAIQETCARGNELQVPDCTKYLMENLKRLSDINYIPTKEDVLYA,pho,0.005054324399679899,Non-PTM
GPA1,166,Y,TLWKDPAIQETCARGNELQVPDCTKYLMENLKRLSDINYIPTKEDVLYARV,pho,0.058426000177860260,Medium
GPA1,175,S,ETCARGNELQVPDCTKYLMENLKRLSDINYIPTKEDVLYARVRTTGVVEIQ,pho,0.04097370430827141,Medium
GPA1,179,Y,RGNELQVPDCTKYLMENLKRLSDINYIPTKEDVLYARVRTTGVVEIQFSPV,pho,0.012289968319237232,Non-PTM
GPA1,182,T,ELQVPDCTKYLMENLKRLSDINYIPTKEDVLYARVRTTGVVEIQFSPVGEN,pho,0.008241439238190651,Non-PTM
GPA1,188,Y,CTKYLMENLKRLSDINYIPTKEDVLYARVRTTGVVEIQFSPVGENKKSGEV,pho,0.0068149506114423275,Non-PTM
GPA1,193,T,MENLKRLSDINYIPTKEDVLYARVRTTGVVEIQFSPVGENKKSGEVYRLFD,pho,0.011920114047825336,Non-PTM
GPA1,194,T,ENLKRLSDINYIPTKEDVLYARVRTTGVVEIQFSPVGENKKSGEVYRLFDV,pho,0.013145831413567066,Non-PTM
GPA1,202,S,INYIPTKEDVLYARVRTTGVVEIQFSPVGENKKSGEVYRLFDVGGQRNERR,pho,0.07942315191030502,High
GPA1,210,S,DVLYARVRTTGVVEIQFSPVGENKKSGEVYRLFDVGGQRNERRKWIHLFEG,pho,0.010709336958825588,Non-PTM
GPA1,214,Y,ARVRTTGVVEIQFSPVGENKKSGEVYRLFDVGGQRNERRKWIHLFEGVTAV,pho,0.004119791090488434,Non-PTM
GPA1,237,T,EVYRLFDVGGQRNERRKWIHLFEGVTAVIFCAAISEYDQTLFEDEQKNRMM,pho,9.398972179042175e-05,Non-PTM
GPA1,246,S,GQRNERRKWIHLFEGVTAVIFCAAISEYDQTLFEDEQKNRMMETKELFDWV,pho,0.00029733244446106255,Non-PTM
GPA1,248,Y,RNERRKWIHLFEGVTAVIFCAAISEYDQTLFEDEQKNRMMETKELFDWVLK,pho,0.0003361907438375056,Non-PTM
GPA1,251,T,RRKWIHLFEGVTAVIFCAAISEYDQTLFEDEQKNRMMETKELFDWVLKQPC,pho,0.000490254198666662,Non-PTM
GPA1,264,T,VIFCAAISEYDQTLFEDEQKNRMMETKELFDWVLKQPCFEKTSFMLFLNKF,pho,0.0033183342311531305,Non-PTM
GPA1,280,T,DEQKNRMMETKELFDWVLKQPCFEKTSFMLFLNKFDIFEKKVLDVPLNVCE,pho,0.004280331544578075,Non-PTM
GPA1,281,S,EQKNRMMETKELFDWVLKQPCFEKTSFMLFLNKFDIFEKKVLDVPLNVCEW,pho,0.005956554785370827,Non-PTM
GPA1,310,Y,FLNKFDIFEKKVLDVPLNVCEWFRDYQPVSSGKQEIEHAYEFVKKKFEELY,pho,0.0033141705207526684,Non-PTM
GPA1,314,S,FDIFEKKVLDVPLNVCEWFRDYQPVSSGKQEIEHAYEFVKKKFEELYYQNT,pho,0.0070916758850216866,Non-PTM
GPA1,315,S,DIFEKKVLDVPLNVCEWFRDYQPVSSGKQEIEHAYEFVKKKFEELYYQNTA,pho,0.006931213196367025,Non-PTM
GPA1,324,Y,VPLNVCEWFRDYQPVSSGKQEIEHAYEFVKKKFEELYYQNTAPDRVDRVFK,pho,0.002013192046433687,Non-PTM
GPA1,335,Y,YQPVSSGKQEIEHAYEFVKKKFEELYYQNTAPDRVDRVFKIYRTTALDQKL,pho,0.0013507786206901073,Non-PTM
GPA1,336,Y,QPVSSGKQEIEHAYEFVKKKFEELYYQNTAPDRVDRVFKIYRTTALDQKLV,pho,0.0013360324082896113,Non-PTM
GPA1,339,T,SSGKQEIEHAYEFVKKKFEELYYQNTAPDRVDRVFKIYRTTALDQKLVKKT,pho,0.001505607389844954,Non-PTM
GPA1,351,Y,FVKKKFEELYYQNTAPDRVDRVFKIYRTTALDQKLVKKTFKLVDETLRRRN,pho,0.00013231094635557383,Non-PTM
GPA1,353,T,KKKFEELYYQNTAPDRVDRVFKIYRTTALDQKLVKKTFKLVDETLRRRNLL,pho,0.00013788742944598198,Non-PTM
GPA1,354,T,KKFEELYYQNTAPDRVDRVFKIYRTTALDQKLVKKTFKLVDETLRRRNLLE,pho,0.00015024012827780098,Non-PTM
GPA1,364,T,TAPDRVDRVFKIYRTTALDQKLVKKTFKLVDETLRRRNLLEAGLLXXXXXX,pho,0.0005604072939604521,Non-PTM
GPA1,371,T,RVFKIYRTTALDQKLVKKTFKLVDETLRRRNLLEAGLLXXXXXXXXXXXXX,pho,0.004314587451517582,Non-PTM